town,salesprice,lotarea,AC
SHERRILL,140000,13068,Yes
NEW VIENNA,172000,5830,Yes
DYERSVILLE,312000,62400,Yes
DUBUQUE,248000,12636,Yes
DUBUQUE,259000,15343,No
DUBUQUE,295000,15750,Yes
DUBUQUE,450000,16200,Yes
DUBUQUE,170000,5046,Yes
DUBUQUE,20000,51240,unknown
DUBUQUE,60000,5000,Yes
DUBUQUE,45000,5000,Yes
DUBUQUE,56000,5350,No
DUBUQUE,55000,2184,No
DUBUQUE,92500,5000,No
DUBUQUE,59000,2720,No
DUBUQUE,176000,12155,Yes
DUBUQUE,157000,10075,Yes
DUBUQUE,156000,7350,Yes
DUBUQUE,270000,15000,Yes
DUBUQUE,176300,16000,Yes
DUBUQUE,194000,5446,Yes
DUBUQUE,154900,2500,Yes
ASBURY,175000,11250,Yes
DUBUQUE,305000,13000,Yes
ASBURY,218000,12330,Yes
unknown,51000,10710,unknown
DUBUQUE,150000,7680,No
DUBUQUE,140000,6420,Yes
DUBUQUE,259900,5836,Yes
DUBUQUE,144000,5200,Yes
DUBUQUE,177500,0,Yes
DUBUQUE,112000,14432,No
DUBUQUE,119000,8850,Yes
DUBUQUE,130000,12400,Yes
DUBUQUE,130000,5000,Yes
DUBUQUE,198000,5000,Yes
DUBUQUE,116000,5000,Yes
DUBUQUE,142500,10556,Yes
DUBUQUE,0,9520,Yes
DUBUQUE,225000,10764,Yes
DUBUQUE,49500,25721,Yes
DUBUQUE,67900,10244,unknown
DUBUQUE,67900,7520,Yes
DUBUQUE,163500,12480,Yes
DUBUQUE,64000,3038,No
DUBUQUE,134000,5550,No
DUBUQUE,134000,5550,No
DUBUQUE,138000,7930,No
DUBUQUE,107500,2500,Yes
DUBUQUE,87000,14300,Yes
DUBUQUE,198000,5000,unknown
DUBUQUE,180000,14850,Yes
DUBUQUE,75000,6840,No
DUBUQUE,162000,5945,No
DUBUQUE,210000,11550,Yes
DUBUQUE,159500,5880,Yes
DUBUQUE,110000,4700,Yes
DUBUQUE,169100,5800,Yes
DUBUQUE,337750,0,Yes
DUBUQUE,252000,6589,Yes
DUBUQUE,162500,11500,Yes
DUBUQUE,46000,21320,Yes
DUBUQUE,127500,3060,Yes
DUBUQUE,210000,6638,Yes
DUBUQUE,125000,5000,Yes
WORTHINGTON,38000,8000,Yes
WORTHINGTON,38000,8000,Yes
FARLEY,135500,8712,Yes
EPWORTH,140907,58370,No
EPWORTH,122900,6960,No
EPWORTH,180000,8251,Yes
FARLEY,605000,35040,Yes
DUBUQUE,227000,7998,Yes
DUBUQUE,339000,73268,Yes
DUBUQUE,630000,24829,Yes
DUBUQUE,264000,8625,Yes
unknown,55500,8807,unknown
DYERSVILLE,83500,5848,Yes
DYERSVILLE,119000,8906,Yes
DYERSVILLE,150000,8000,Yes
DYERSVILLE,197000,7590,Yes
DYERSVILLE,95420,8625,Yes
ASBURY,305000,48787,Yes
DUBUQUE,335000,25500,Yes
DUBUQUE,325000,0,Yes
DUBUQUE,236000,12455,Yes
ASBURY,229000,10192,Yes
unknown,46000,10192,unknown
ASBURY,304000,9831,Yes
unknown,45000,8960,unknown
DUBUQUE,362000,43560,Yes
DUBUQUE,290000,43560,Yes
DUBUQUE,199900,9959,Yes
DUBUQUE,134500,1976,Yes
DUBUQUE,73131,10000,Yes
DUBUQUE,50000,5000,No
DUBUQUE,50000,5000,No
DUBUQUE,50000,3750,unknown
DUBUQUE,125000,5535,Yes
DUBUQUE,53000,3120,Yes
DUBUQUE,76500,4625,Yes
DUBUQUE,55000,2184,No
DUBUQUE,95000,5625,No
DUBUQUE,62000,2500,No
DUBUQUE,24000,3174,No
DUBUQUE,65500,7176,No
DUBUQUE,55000,3588,No
DUBUQUE,145000,13580,Yes
DUBUQUE,143000,7200,Yes
DUBUQUE,144000,7200,Yes
DUBUQUE,176000,12155,Yes
DUBUQUE,1.00E+05,8540,Yes
DUBUQUE,110000,6800,Yes
DUBUQUE,213500,11660,Yes
DUBUQUE,149000,6890,Yes
DUBUQUE,220000,0,Yes
DUBUQUE,131000,9396,Yes
DUBUQUE,103500,6930,Yes
DUBUQUE,287000,13200,Yes
DUBUQUE,194800,11875,Yes
DUBUQUE,207500,13920,Yes
DUBUQUE,216000,15625,Yes
DUBUQUE,2.00E+05,10000,Yes
DUBUQUE,241000,9240,Yes
DUBUQUE,314000,10800,Yes
DUBUQUE,166900,9100,Yes
DUBUQUE,220000,12350,Yes
DUBUQUE,173000,6825,Yes
DUBUQUE,168750,7006,Yes
DUBUQUE,140000,6420,Yes
DUBUQUE,215090,6554,Yes
DUBUQUE,208049,6599,Yes
DUBUQUE,262900,7530,Yes
DUBUQUE,149000,13746,Yes
DUBUQUE,112000,14432,No
DUBUQUE,115000,5000,Yes
DUBUQUE,95000,10080,Yes
DUBUQUE,127000,8000,Yes
DUBUQUE,67900,10244,unknown
DUBUQUE,67900,7520,Yes
DUBUQUE,92000,8928,Yes
DUBUQUE,89500,3200,No
DUBUQUE,30000,2500,Yes
DUBUQUE,152000,6120,Yes
DUBUQUE,152000,4080,Yes
DUBUQUE,125000,2500,No
DUBUQUE,90000,4400,Yes
DUBUQUE,120000,3525,Yes
DUBUQUE,65068,6300,Yes
DUBUQUE,107500,2500,Yes
DUBUQUE,117000,2100,Yes
DUBUQUE,57000,5000,No
DUBUQUE,57000,5000,unknown
DUBUQUE,195000,16237,Yes
DUBUQUE,148000,11900,Yes
DUBUQUE,175000,8640,Yes
DUBUQUE,115000,10250,Yes
DUBUQUE,156500,4770,Yes
DUBUQUE,117000,5500,Yes
DUBUQUE,178000,8010,Yes
DUBUQUE,219000,9095,Yes
DUBUQUE,212000,10750,Yes
unknown,149000,451282,unknown
unknown,149000,1878307,unknown
DUBUQUE,121500,4800,Yes
DUBUQUE,134444,8190,Yes
DUBUQUE,446000,156816,Yes
DUBUQUE,149000,454331,unknown
DUBUQUE,127500,2692,Yes
DUBUQUE,28000,6726,unknown
DUBUQUE,127500,3060,Yes
DUBUQUE,210000,6638,Yes
DUBUQUE,70000,2900,Yes
DUBUQUE,112000,5300,Yes
DYERSVILLE,376576,43560,Yes
EPWORTH,206000,18525,Yes
EPWORTH,135000,6600,Yes
PEOSTA,275000,17625,Yes
PEOSTA,265000,10200,Yes
PEOSTA,321000,15625,Yes
PEOSTA,187500,14803,Yes
PEOSTA,50900,10780,Yes
PEOSTA,290000,43560,Yes
DUBUQUE,272000,23958,Yes
DUBUQUE,149000,21780,unknown
DUBUQUE,149000,76666,unknown
DUBUQUE,149000,15682,unknown
DUBUQUE,149000,13504,unknown
DUBUQUE,149000,83635,unknown
DUBUQUE,149000,61420,unknown
DUBUQUE,20000,58937,Yes
DUBUQUE,68900,20000,unknown
DUBUQUE,509900,20000,unknown
DUBUQUE,38900,9657,Yes
DUBUQUE,4.00E+05,42253,Yes
DUBUQUE,198000,347304,No
DUBUQUE,77000,10150,No
DUBUQUE,87000,23520,No
DUBUQUE,318000,43996,Yes
PEOSTA,257000,33106,Yes
DUBUQUE,35000,24829,Yes
DUBUQUE,387254,44431,Yes
BELLEVUE,360000,142441,Yes
DUBUQUE,330000,43560,Yes
CASCADE,114900,7200,Yes
PEOSTA,170000,184694,No
DUBUQUE,285000,132422,Yes
DUBUQUE,3.00E+05,51401,Yes
DYERSVILLE,119000,8906,Yes
DYERSVILLE,60000,5750,Yes
DYERSVILLE,105000,8052,Yes
DYERSVILLE,114500,8052,No
DYERSVILLE,75800,10230,No
DYERSVILLE,110000,34848,Yes
DURANGO,150000,70567,Yes
DUBUQUE,368500,43560,Yes
DUBUQUE,560000,28875,Yes
ASBURY,196100,3038,Yes
unknown,44000,11663,unknown
DUBUQUE,194000,19602,Yes
DUBUQUE,27500,31280,unknown
DUBUQUE,65000,67082,unknown
unknown,75000,57499,unknown
DUBUQUE,170000,47916,Yes
DUBUQUE,105000,20374,No
DUBUQUE,25500,7752,unknown
DUBUQUE,110000,5040,No
DUBUQUE,114900,5000,Yes
DUBUQUE,42000,1850,No
DUBUQUE,42000,1036,unknown
DUBUQUE,65000,5550,unknown
DUBUQUE,65000,6200,Yes
DUBUQUE,97000,6000,Yes
DUBUQUE,57500,3150,Yes
DUBUQUE,43000,2280,Yes
DUBUQUE,59000,6644,No
DUBUQUE,161000,14250,Yes
DUBUQUE,139900,8932,Yes
DUBUQUE,143000,7200,Yes
DUBUQUE,105000,12768,Yes
DUBUQUE,95500,6000,Yes
DUBUQUE,186000,15228,Yes
DUBUQUE,142500,7800,Yes
DUBUQUE,166000,10050,Yes
DUBUQUE,130000,7040,Yes
DUBUQUE,260000,11830,Yes
DUBUQUE,237500,12500,Yes
DUBUQUE,2.00E+05,13920,Yes
DUBUQUE,181000,17836,Yes
ASBURY,395500,11835,Yes
ASBURY,289900,10815,Yes
ASBURY,379376,10784,Yes
ASBURY,298797,3074,Yes
DUBUQUE,1550000,177725,unknown
ASBURY,375000,6560,Yes
DUBUQUE,251000,8360,Yes
DUBUQUE,253900,9047,Yes
DUBUQUE,215000,10625,Yes
DUBUQUE,144000,6825,Yes
DUBUQUE,177900,9920,Yes
DUBUQUE,127000,6848,Yes
DUBUQUE,127000,6848,Yes
DUBUQUE,215000,12800,Yes
DUBUQUE,144000,11088,Yes
DUBUQUE,108000,0,Yes
DUBUQUE,260000,9353,unknown
DUBUQUE,250000,9549,unknown
DUBUQUE,109900,6250,Yes
DUBUQUE,214900,10200,Yes
DUBUQUE,155900,13068,Yes
DUBUQUE,120000,4368,No
DUBUQUE,107000,5488,Yes
DUBUQUE,130000,6200,Yes
DUBUQUE,56758,1213,No
DUBUQUE,15000,4800,No
DUBUQUE,14000,3000,No
DUBUQUE,68000,2100,Yes
DUBUQUE,145000,2964,No
DUBUQUE,71000,2350,unknown
DUBUQUE,1.00E+05,8272,Yes
DUBUQUE,25000,1260,No
DUBUQUE,249000,18600,Yes
DUBUQUE,48500,5000,No
DUBUQUE,48500,5000,unknown
DUBUQUE,78000,9375,Yes
DUBUQUE,155000,7280,Yes
DUBUQUE,132500,7400,Yes
DUBUQUE,165000,5500,Yes
DUBUQUE,150000,6677,Yes
DUBUQUE,248000,16988,Yes
DUBUQUE,150000,7200,Yes
DUBUQUE,130000,8253,Yes
DUBUQUE,160000,8060,Yes
DUBUQUE,181000,8970,Yes
DUBUQUE,140000,21344,Yes
DUBUQUE,114500,20952,Yes
DUBUQUE,225000,13515,Yes
DUBUQUE,4.00E+05,22200,Yes
DUBUQUE,367000,11160,Yes
DUBUQUE,165000,11700,Yes
DUBUQUE,160000,13200,No
DUBUQUE,163900,6900,Yes
DUBUQUE,0,12730,Yes
DUBUQUE,170000,7050,Yes
DUBUQUE,60000,26136,unknown
DUBUQUE,64500,4900,No
DUBUQUE,64500,4900,unknown
EPWORTH,170000,27764,No
EPWORTH,246000,9775,Yes
FARLEY,259900,18109,Yes
PEOSTA,212000,0,Yes
PEOSTA,44000,20160,unknown
PEOSTA,208500,56192,Yes
PEOSTA,2.00E+05,10200,Yes
PEOSTA,438144,25875,Yes
PEOSTA,320000,52708,Yes
PEOSTA,232500,61855,Yes
PEOSTA,52900,10780,unknown
PEOSTA,62000,21978,unknown
PEOSTA,245000,10328,Yes
PEOSTA,229000,7168,Yes
unknown,358234,45302,Yes
DUBUQUE,815000,28644,Yes
DUBUQUE,71500,31471,unknown
DUBUQUE,514005,25584,Yes
unknown,17000,42253,unknown
DUBUQUE,183000,7490,Yes
DUBUQUE,240000,67518,Yes
unknown,8000,13504,unknown
DUBUQUE,8000,36547,Yes
BELLEVUE,365000,625827,Yes
CASCADE,116500,8910,Yes
CASCADE,78500,7200,Yes
DUBUQUE,710000,326700,Yes
DURANGO,290000,60984,Yes
DUBUQUE,224500,160736,No
NEW VIENNA,120000,13140,Yes
NEW VIENNA,119500,5544,Yes
DYERSVILLE,485000,798890,Yes
DYERSVILLE,289000,22080,Yes
DYERSVILLE,149900,8052,Yes
DUBUQUE,305000,96442,Yes
ASBURY,371800,24140,Yes
ASBURY,46000,12220,unknown
ASBURY,46000,13865,unknown
ASBURY,195700,3038,Yes
ASBURY,236000,8960,Yes
DUBUQUE,27500,31280,unknown
DUBUQUE,140000,14810,Yes
DUBUQUE,160000,6540,Yes
DUBUQUE,360000,207781,Yes
DUBUQUE,315000,43560,Yes
DUBUQUE,187500,20038,Yes
DUBUQUE,95000,5000,Yes
DUBUQUE,60000,2320,Yes
DUBUQUE,95000,5000,unknown
DUBUQUE,95000,5000,Yes
DUBUQUE,35000,2500,Yes
DUBUQUE,33500,6612,Yes
DUBUQUE,81900,2472,Yes
DUBUQUE,73000,4140,No
DUBUQUE,122000,8023,Yes
DUBUQUE,97271,8960,Yes
DUBUQUE,160000,23409,Yes
DUBUQUE,167000,10400,Yes
DUBUQUE,138000,7800,Yes
DUBUQUE,196000,11342,Yes
DUBUQUE,205000,0,Yes
DUBUQUE,284900,13296,Yes
DUBUQUE,160000,5176,Yes
DUBUQUE,3.00E+05,13200,Yes
DUBUQUE,446900,43560,Yes
ASBURY,347000,13050,Yes
unknown,46000,9384,unknown
DUBUQUE,257500,9350,Yes
DUBUQUE,329000,9684,Yes
DUBUQUE,311000,8800,Yes
DUBUQUE,210000,8588,Yes
DUBUQUE,166000,7210,Yes
DUBUQUE,141000,6848,Yes
DUBUQUE,105000,0,Yes
DUBUQUE,179000,0,Yes
DUBUQUE,1.00E+06,10200,unknown
DUBUQUE,132000,9648,Yes
DUBUQUE,145000,8040,Yes
DUBUQUE,188000,9000,Yes
DUBUQUE,109900,6250,Yes
DUBUQUE,190000,23750,unknown
DUBUQUE,190000,23550,No
DUBUQUE,190000,17708,No
DUBUQUE,60000,5700,No
DUBUQUE,10000,12651,Yes
DUBUQUE,83900,4000,unknown
DUBUQUE,83900,4000,Yes
DUBUQUE,22000,5750,No
DUBUQUE,16000,2875,Yes
DUBUQUE,14000,3000,No
DUBUQUE,69900,7400,No
DUBUQUE,30000,2500,No
DUBUQUE,260000,6650,Yes
DUBUQUE,55000,2918,No
DUBUQUE,109000,3600,Yes
DUBUQUE,95000,4374,No
DUBUQUE,1.00E+05,4250,unknown
DUBUQUE,1.00E+05,1870,No
DUBUQUE,79000,2380,No
DUBUQUE,1.00E+05,4500,No
DUBUQUE,130000,26132,unknown
DUBUQUE,130000,65280,Yes
DUBUQUE,130000,24138,unknown
DUBUQUE,149500,15370,Yes
DUBUQUE,151000,8700,Yes
DUBUQUE,155000,7280,Yes
DUBUQUE,117600,3784,Yes
DUBUQUE,105000,7800,No
DUBUQUE,113000,5412,Yes
DUBUQUE,140000,7625,No
DUBUQUE,165000,5500,Yes
DUBUQUE,117500,5000,Yes
DUBUQUE,110000,12540,Yes
DUBUQUE,225000,11550,Yes
DUBUQUE,150000,4440,Yes
DUBUQUE,112000,5661,Yes
DUBUQUE,160000,11000,Yes
DUBUQUE,166000,10950,Yes
DUBUQUE,250000,11815,Yes
DUBUQUE,170000,6390,Yes
DUBUQUE,175000,0,Yes
DUBUQUE,180000,9090,Yes
DUBUQUE,240000,7680,No
DUBUQUE,152000,22500,Yes
DUBUQUE,157500,6000,Yes
DUBUQUE,201000,9234,Yes
DUBUQUE,132000,4253,Yes
DUBUQUE,115000,5400,Yes
DUBUQUE,115000,5300,Yes
DUBUQUE,73000,6650,Yes
DUBUQUE,102500,8400,Yes
DUBUQUE,68000,6800,Yes
EPWORTH,170000,27764,No
FARLEY,259900,18109,Yes
PEOSTA,438144,25875,Yes
PEOSTA,320000,52708,Yes
PEOSTA,232500,61855,Yes
PEOSTA,245000,10328,Yes
unknown,700,17860,unknown
DUBUQUE,79000,30022,unknown
DUBUQUE,71000,25923,unknown
DUBUQUE,123000,58370,unknown
DUBUQUE,3.00E+05,8625,Yes
DUBUQUE,286900,9430,Yes
DUBUQUE,525000,57499,Yes
PEOSTA,450000,121968,Yes
DUBUQUE,58000,78408,unknown
DUBUQUE,385000,44431,Yes
CASCADE,85750,7200,No
CASCADE,105000,8160,Yes
CASCADE,90500,7200,Yes
CASCADE,178000,13520,Yes
CASCADE,241500,12000,Yes
SHERRILL,257500,675180,Yes
SHERRILL,120000,53579,Yes
DUBUQUE,325000,90169,Yes
NEW VIENNA,80000,6300,Yes
DYERSVILLE,160000,7360,Yes
DYERSVILLE,134000,16104,Yes
DUBUQUE,273000,40511,Yes
unknown,47500,43865,unknown
DUBUQUE,113500,1344,Yes
DUBUQUE,107900,3700,No
DUBUQUE,107900,3700,No
DUBUQUE,45000,8112,Yes
DUBUQUE,75000,7684,No
DUBUQUE,101000,3288,Yes
DUBUQUE,101000,3699,Yes
DUBUQUE,106750,4600,Yes
DUBUQUE,228000,34848,unknown
DUBUQUE,228000,13500,Yes
DUBUQUE,106000,8600,Yes
DUBUQUE,69200,7200,No
DUBUQUE,139000,10449,Yes
DUBUQUE,244000,13520,Yes
DUBUQUE,205000,0,Yes
DUBUQUE,182500,5239,Yes
DUBUQUE,343000,18984,Yes
DUBUQUE,270000,7700,Yes
unknown,7000,60984,unknown
unknown,30000,48787,unknown
ASBURY,54000,16099,unknown
ASBURY,271000,9660,Yes
DUBUQUE,245000,9350,Yes
DUBUQUE,276000,9288,Yes
DUBUQUE,160400,9350,Yes
DUBUQUE,170000,7700,Yes
DUBUQUE,133000,8192,Yes
DUBUQUE,152000,9100,Yes
DUBUQUE,191000,10000,Yes
DUBUQUE,157900,6825,Yes
DUBUQUE,110000,8128,Yes
DUBUQUE,1.00E+06,11016,unknown
DUBUQUE,1.00E+06,10530,unknown
DUBUQUE,1.00E+06,10200,unknown
DUBUQUE,625000,13252,unknown
DUBUQUE,625000,11337,unknown
DUBUQUE,210000,9200,Yes
DUBUQUE,62000,5000,No
DUBUQUE,26853,6864,No
DUBUQUE,64000,3375,Yes
DUBUQUE,46900,2500,No
DUBUQUE,15000,4550,No
DUBUQUE,4500,840,No
DUBUQUE,143000,4773,No
DUBUQUE,105000,5450,Yes
DUBUQUE,121000,4400,Yes
DUBUQUE,38964,1376,No
DUBUQUE,95000,7050,No
DUBUQUE,64000,5000,No
DUBUQUE,107000,5400,Yes
DUBUQUE,107000,5000,unknown
DUBUQUE,147000,7360,Yes
DUBUQUE,244000,5880,No
DUBUQUE,210000,8968,Yes
DUBUQUE,186000,14400,Yes
DUBUQUE,308000,10115,Yes
DUBUQUE,182000,11840,Yes
DUBUQUE,176150,9776,Yes
DUBUQUE,440000,9638,Yes
DUBUQUE,130000,5673,Yes
DUBUQUE,36000,9860,Yes
DUBUQUE,120000,6900,Yes
DUBUQUE,39051,6900,Yes
unknown,49500,59024,unknown
unknown,4500,2520,unknown
FARLEY,145000,9240,No
EPWORTH,80000,4800,Yes
FARLEY,183000,9760,Yes
PEOSTA,360000,20400,Yes
PEOSTA,210000,57935,Yes
PEOSTA,260500,8400,unknown
PEOSTA,310000,43560,Yes
DUBUQUE,47900,10608,Yes
DUBUQUE,279500,148975,Yes
DUBUQUE,575000,175982,Yes
DUBUQUE,405500,43996,Yes
BERNARD,139000,13504,Yes
unknown,13000,184259,unknown
unknown,25900,46609,unknown
DUBUQUE,189000,50094,Yes
DYERSVILLE,2.00E+05,151589,Yes
DYERSVILLE,50000,8625,No
DYERSVILLE,150500,8052,Yes
DYERSVILLE,75000,3894,Yes
DYERSVILLE,152000,11781,Yes
DYERSVILLE,165000,9200,Yes
DYERSVILLE,172000,6563,Yes
unknown,84000,44867,unknown
unknown,33000,44867,unknown
ASBURY,425000,53475,Yes
ASBURY,340000,23100,Yes
DUBUQUE,325000,217800,No
DUBUQUE,235000,27090,Yes
DUBUQUE,135000,4212,Yes
DUBUQUE,56000,228690,No
unknown,65000,71003,unknown
DUBUQUE,270000,117612,Yes
DUBUQUE,3.00E+05,49658,Yes
DUBUQUE,340000,21280,Yes
DUBUQUE,445000,25740,Yes
DUBUQUE,172500,9822,unknown
DUBUQUE,172500,125017,Yes
DUBUQUE,134500,2560,Yes
DUBUQUE,118500,1428,Yes
DUBUQUE,107000,1344,Yes
DUBUQUE,105000,5000,Yes
DUBUQUE,87000,3700,No
DUBUQUE,91000,5100,Yes
DUBUQUE,81500,5000,Yes
DUBUQUE,6000,2560,No
DUBUQUE,30500,2600,Yes
DUBUQUE,50000,4640,Yes
DUBUQUE,75000,6348,No
DUBUQUE,153000,13360,Yes
DUBUQUE,92500,5400,Yes
DUBUQUE,110500,8052,Yes
DUBUQUE,107161,9920,Yes
DUBUQUE,362000,23600,Yes
DUBUQUE,149000,20952,Yes
DUBUQUE,3020,13824,unknown
DUBUQUE,131500,15072,Yes
DUBUQUE,305000,14259,Yes
DUBUQUE,230000,10000,Yes
DUBUQUE,255000,13395,Yes
DUBUQUE,195900,9600,Yes
DUBUQUE,190000,19082,Yes
DUBUQUE,185000,9271,Yes
DUBUQUE,180000,18450,Yes
DUBUQUE,329900,0,Yes
DUBUQUE,189900,5249,Yes
DUBUQUE,140000,9380,Yes
DUBUQUE,130000,7810,Yes
unknown,70000,43560,unknown
unknown,70000,49223,unknown
ASBURY,240000,14220,Yes
ASBURY,248000,9880,Yes
DUBUQUE,248900,14400,Yes
DUBUQUE,267000,12000,Yes
DUBUQUE,184900,7350,Yes
ASBURY,410000,12451,Yes
ASBURY,49000,9356,Yes
ASBURY,255000,9275,Yes
ASBURY,44500,10824,unknown
DUBUQUE,132500,8165,Yes
DUBUQUE,208000,11250,Yes
DUBUQUE,259000,9996,Yes
DUBUQUE,288000,9356,Yes
DUBUQUE,141500,8400,Yes
DUBUQUE,150000,7920,Yes
DUBUQUE,167500,7700,Yes
DUBUQUE,179500,9920,Yes
DUBUQUE,206292,8116,Yes
DUBUQUE,207245,6583,Yes
DUBUQUE,155000,6771,Yes
DUBUQUE,135000,8800,Yes
DUBUQUE,170000,0,Yes
DUBUQUE,149500,8320,Yes
DUBUQUE,150000,0,Yes
DUBUQUE,417000,17152,unknown
DUBUQUE,135000,14552,Yes
DUBUQUE,140000,7380,Yes
DUBUQUE,153000,7100,Yes
DUBUQUE,218500,9450,Yes
DUBUQUE,159000,13068,Yes
DUBUQUE,97250,5000,Yes
DUBUQUE,5000,6900,No
DUBUQUE,5000,13682,No
DUBUQUE,148000,6650,Yes
DUBUQUE,68019,9504,Yes
DUBUQUE,32660,3840,No
DUBUQUE,1.00E+05,4995,Yes
DUBUQUE,58000,2905,No
DUBUQUE,124500,8520,No
DUBUQUE,285000,5900,Yes
DUBUQUE,285000,13050,unknown
DUBUQUE,55000,2900,No
DUBUQUE,60000,2600,No
DUBUQUE,60000,2500,No
DUBUQUE,30000,2500,No
DUBUQUE,49000,1690,Yes
DUBUQUE,49000,1575,unknown
DUBUQUE,112000,3956,Yes
DUBUQUE,143900,7500,Yes
DUBUQUE,120000,2500,Yes
DUBUQUE,20000,2600,No
DUBUQUE,80000,5300,No
DUBUQUE,417000,5000,No
DUBUQUE,155000,3500,No
DUBUQUE,75000,3700,No
DUBUQUE,117500,9000,Yes
DUBUQUE,91000,5828,Yes
DUBUQUE,115000,9855,Yes
DUBUQUE,135000,5459,No
DUBUQUE,135000,4800,Yes
DUBUQUE,132500,5000,Yes
DUBUQUE,170000,5000,Yes
DUBUQUE,42500,25926,No
DUBUQUE,160550,7260,No
DUBUQUE,120000,6000,Yes
DUBUQUE,201000,7000,Yes
DUBUQUE,165000,20800,Yes
DUBUQUE,30000,116741,unknown
DUBUQUE,170000,0,Yes
DUBUQUE,725000,53579,Yes
DUBUQUE,230000,11808,Yes
DUBUQUE,340000,10192,Yes
DUBUQUE,169900,13280,Yes
DUBUQUE,175000,13230,Yes
DUBUQUE,140000,13015,Yes
DUBUQUE,277500,13156,Yes
DUBUQUE,9000,2614,unknown
unknown,9000,18750,unknown
unknown,9000,17500,unknown
DUBUQUE,9000,46435,unknown
DUBUQUE,9000,46435,unknown
DUBUQUE,180000,12200,Yes
DUBUQUE,167000,10000,Yes
DUBUQUE,127500,7500,Yes
DUBUQUE,42601,7000,Yes
DUBUQUE,167000,24909,Yes
DUBUQUE,181000,11700,Yes
DUBUQUE,221400,7080,Yes
DUBUQUE,116000,10000,Yes
DUBUQUE,108500,5000,Yes
DUBUQUE,2330000,95919,unknown
DUBUQUE,2.00E+05,2675,Yes
DUBUQUE,2.00E+05,6848,No
DUBUQUE,2330000,16125,unknown
DUBUQUE,2330000,3705,unknown
FARLEY,178000,11590,Yes
FARLEY,173000,4752,Yes
FARLEY,85000,8052,No
EPWORTH,148000,14000,Yes
EPWORTH,130924,8208,Yes
EPWORTH,264000,9775,Yes
FARLEY,3.00E+05,20700,Yes
FARLEY,328000,23222,Yes
PEOSTA,380000,18389,Yes
unknown,120000,124582,unknown
PEOSTA,4.00E+05,20400,Yes
unknown,120000,95396,unknown
PEOSTA,57000,18785,Yes
PEOSTA,54000,17459,Yes
PEOSTA,60000,20125,unknown
PEOSTA,250000,14400,Yes
PEOSTA,233000,10200,Yes
PEOSTA,212000,0,unknown
PEOSTA,241500,37462,Yes
PEOSTA,39000,9450,unknown
PEOSTA,265500,43560,Yes
PEOSTA,118500,270943,Yes
DUBUQUE,6650000,2212456,Yes
DUBUQUE,350000,11220,No
DUBUQUE,6650000,1539410,Yes
DUBUQUE,306000,16632,Yes
DUBUQUE,146500,60810,unknown
DUBUQUE,330000,760296,unknown
DUBUQUE,112000,38333,unknown
DUBUQUE,112000,46609,unknown
DUBUQUE,319900,8269,Yes
DUBUQUE,282000,34412,Yes
DUBUQUE,309000,60984,Yes
DUBUQUE,320000,41382,Yes
DUBUQUE,187000,9600,Yes
unknown,60000,79715,unknown
DUBUQUE,245000,32234,Yes
unknown,51000,59677,unknown
unknown,83000,141570,unknown
CASCADE,277500,20440,Yes
RICKARDSVILLE,115000,13100,No
DUBUQUE,173900,18295,Yes
unknown,60000,90169,unknown
DYERSVILLE,455000,74052,Yes
DYERSVILLE,112666,15250,Yes
DYERSVILLE,50000,7590,Yes
DYERSVILLE,172000,11234,Yes
DUBUQUE,208000,36590,Yes
DUBUQUE,325000,217800,No
DUBUQUE,315000,57935,Yes
DURANGO,116000,11280,Yes
DUBUQUE,204500,6816,Yes
unknown,60000,43560,unknown
DUBUQUE,398000,43560,Yes
DUBUQUE,367500,50530,Yes
DUBUQUE,280000,60984,Yes
DUBUQUE,204000,38768,Yes
DUBUQUE,87000,3700,No
DUBUQUE,99900,3700,Yes
DUBUQUE,50000,5000,Yes
DUBUQUE,41709,3800,Yes
DUBUQUE,12000,5200,Yes
DUBUQUE,34167,6839,unknown
DUBUQUE,34167,13514,No
DUBUQUE,50000,4640,Yes
DUBUQUE,23501,3498,Yes
DUBUQUE,198000,17578,Yes
DUBUQUE,156500,9750,Yes
DUBUQUE,85000,20827,Yes
DUBUQUE,148000,7821,Yes
DUBUQUE,170000,30275,unknown
DUBUQUE,170000,7808,Yes
DUBUQUE,131500,15072,Yes
DUBUQUE,197500,13965,Yes
DUBUQUE,190000,19082,Yes
DUBUQUE,195000,9020,Yes
DUBUQUE,269900,27192,Yes
DUBUQUE,253000,13100,Yes
unknown,64000,73616,unknown
unknown,7000,73616,unknown
unknown,64000,58806,unknown
unknown,7000,58806,unknown
unknown,64000,45738,unknown
unknown,7000,45738,unknown
unknown,64000,60984,unknown
unknown,64000,50094,unknown
unknown,7000,50094,unknown
unknown,64000,56192,unknown
unknown,7000,56192,unknown
unknown,64000,49658,unknown
unknown,7000,49658,unknown
unknown,64000,60548,unknown
unknown,7000,60548,unknown
unknown,64000,43560,unknown
unknown,7000,43560,unknown
unknown,64000,49223,unknown
unknown,7000,49223,unknown
unknown,650000,20000,unknown
unknown,650000,20000,unknown
unknown,650000,160736,unknown
unknown,650000,13389,unknown
DUBUQUE,650000,27000,Yes
ASBURY,140000,15470,Yes
ASBURY,273000,13520,Yes
ASBURY,299900,11700,Yes
DUBUQUE,140000,7150,Yes
DUBUQUE,254900,9990,Yes
DUBUQUE,270000,10336,Yes
DUBUQUE,225500,9880,Yes
DUBUQUE,267000,12000,Yes
ASBURY,433078,22138,Yes
unknown,328000,2200,unknown
DUBUQUE,328000,9400,Yes
ASBURY,255000,9275,Yes
ASBURY,289457,3074,Yes
DUBUQUE,285000,9996,Yes
DUBUQUE,365000,16000,Yes
DUBUQUE,292500,13416,Yes
DUBUQUE,258000,9085,Yes
DUBUQUE,149500,8960,Yes
DUBUQUE,146500,7700,Yes
DUBUQUE,3.00E+06,119790,unknown
DUBUQUE,177000,10000,Yes
DUBUQUE,154900,6720,Yes
DUBUQUE,125000,7006,Yes
DUBUQUE,110000,7500,Yes
DUBUQUE,204000,8469,Yes
DUBUQUE,135500,8308,Yes
DUBUQUE,194000,9440,Yes
DUBUQUE,212500,9000,Yes
DUBUQUE,186000,8040,Yes
DUBUQUE,85000,6250,Yes
DUBUQUE,290000,17935,Yes
DUBUQUE,255000,10200,Yes
DUBUQUE,169900,6534,Yes
DUBUQUE,130500,6000,Yes
DUBUQUE,5000,6900,No
DUBUQUE,5000,13682,No
DUBUQUE,26807,4000,Yes
DUBUQUE,95000,6850,Yes
DUBUQUE,85000,2133,Yes
DUBUQUE,55000,3588,Yes
DUBUQUE,120000,2500,Yes
DUBUQUE,215000,7482,unknown
DUBUQUE,85000,2912,Yes
DUBUQUE,130000,4980,No
DUBUQUE,76900,1596,No
DUBUQUE,80000,5300,No
DUBUQUE,88463,2352,Yes
DUBUQUE,112000,4900,No
DUBUQUE,245000,5000,unknown
DUBUQUE,245000,1632,No
DUBUQUE,245000,10150,Yes
DUBUQUE,140000,7296,Yes
DUBUQUE,142900,7500,Yes
DUBUQUE,161000,7500,Yes
DUBUQUE,120000,5000,Yes
DUBUQUE,162000,10000,Yes
DUBUQUE,190000,106797,Yes
DUBUQUE,175000,39680,Yes
DUBUQUE,126500,6708,Yes
DUBUQUE,70000,5500,Yes
DUBUQUE,90000,5500,unknown
DUBUQUE,90000,4950,No
DUBUQUE,130000,7320,Yes
DUBUQUE,115000,10350,Yes
DUBUQUE,201000,7000,Yes
DUBUQUE,185000,7700,Yes
DUBUQUE,169900,0,Yes
DUBUQUE,135000,8400,Yes
DUBUQUE,190000,21800,Yes
DUBUQUE,131000,3116,Yes
DUBUQUE,153500,10800,Yes
DUBUQUE,255000,18228,Yes
DUBUQUE,42601,7000,Yes
DUBUQUE,1125000,116741,Yes
DUBUQUE,129500,5985,Yes
DUBUQUE,221400,7080,Yes
DUBUQUE,1.00E+05,6350,Yes
DYERSVILLE,49500,48526,unknown
unknown,77000,8280,unknown
WORTHINGTON,77000,17575,No
FARLEY,170000,11616,Yes
EPWORTH,119000,6600,No
EPWORTH,250000,9775,Yes
EPWORTH,255500,9775,Yes
FARLEY,297000,14250,Yes
FARLEY,328000,23222,Yes
PEOSTA,245000,0,Yes
PEOSTA,295000,18500,Yes
PEOSTA,60000,20125,unknown
PEOSTA,237000,8400,Yes
PEOSTA,39000,9450,unknown
PEOSTA,50000,10780,Yes
PEOSTA,260400,20250,Yes
PEOSTA,337000,70132,Yes
DUBUQUE,66900,18150,unknown
DUBUQUE,43900,8625,Yes
DUBUQUE,55000,9430,Yes
DUBUQUE,165000,24829,Yes
DUBUQUE,265000,53579,Yes
unknown,83000,141570,unknown
DUBUQUE,578500,50094,Yes
DUBUQUE,275000,44431,Yes
CASCADE,140000,38768,Yes
CASCADE,140000,38768,Yes
CASCADE,177500,12600,Yes
CASCADE,213000,143312,Yes
CASCADE,145000,9600,Yes
CASCADE,187900,14980,Yes
CASCADE,136000,8220,Yes
unknown,32000,13650,unknown
CASCADE,348250,408157,Yes
DUBUQUE,235000,148540,Yes
DYERSVILLE,80000,7198,Yes
DYERSVILLE,88500,4945,Yes
DYERSVILLE,95000,6100,Yes
DYERSVILLE,112666,15250,Yes
DYERSVILLE,94000,6900,No
unknown,94000,16200,unknown
DYERSVILLE,143100,7590,Yes
unknown,1000,7590,unknown
unknown,1000,7590,unknown
unknown,1000,7590,unknown
DYERSVILLE,137900,7400,Yes
DYERSVILLE,155000,11234,Yes
unknown,82500,47916,unknown
ASBURY,225000,10192,Yes
ASBURY,238900,9520,Yes
DUBUQUE,332000,43560,Yes
DURANGO,230000,21780,Yes
DUBUQUE,144700,30056,Yes
DUBUQUE,367500,50530,Yes
DUBUQUE,210000,18731,Yes
DUBUQUE,53000,14270,Yes
DUBUQUE,129500,11000,Yes
DUBUQUE,117500,5000,Yes
DUBUQUE,127900,5000,Yes
DUBUQUE,127900,5000,unknown
DUBUQUE,68000,5100,No
DUBUQUE,111000,6765,Yes
DUBUQUE,79000,10199,Yes
DUBUQUE,68100,2750,No
DUBUQUE,77000,2200,Yes
DUBUQUE,179500,9790,Yes
DUBUQUE,220000,13494,Yes
DUBUQUE,163000,7200,Yes
DUBUQUE,102000,6000,Yes
DUBUQUE,113500,7200,Yes
DUBUQUE,165000,7200,Yes
DUBUQUE,124500,7210,Yes
DUBUQUE,154500,8820,Yes
DUBUQUE,107000,7070,Yes
DUBUQUE,265000,9120,Yes
DUBUQUE,175000,9516,Yes
DUBUQUE,389000,22712,Yes
DUBUQUE,270000,9216,Yes
DUBUQUE,249900,11250,Yes
DUBUQUE,185000,10000,Yes
DUBUQUE,292000,50094,Yes
DUBUQUE,279900,12636,Yes
ASBURY,50000,7280,unknown
ASBURY,50000,7280,unknown
ASBURY,229000,12719,Yes
DUBUQUE,234900,11270,Yes
DUBUQUE,260000,9880,Yes
DUBUQUE,226000,13600,Yes
DUBUQUE,191000,15000,Yes
ASBURY,315000,28380,Yes
DUBUQUE,265000,14214,Yes
DUBUQUE,267000,12000,Yes
ASBURY,382000,12556,Yes
ASBURY,49000,11266,Yes
DUBUQUE,190000,20000,Yes
DUBUQUE,270000,14535,Yes
ASBURY,248500,12402,Yes
DUBUQUE,292500,13416,Yes
DUBUQUE,132000,14000,Yes
DUBUQUE,146500,7700,Yes
DUBUQUE,155000,7980,Yes
DUBUQUE,159900,6825,Yes
DUBUQUE,139900,6825,Yes
DUBUQUE,262000,6108,Yes
DUBUQUE,135500,8308,Yes
DUBUQUE,166000,10875,Yes
DUBUQUE,175500,0,Yes
DUBUQUE,194000,9440,Yes
DUBUQUE,2.00E+05,11325,Yes
DUBUQUE,146000,7380,Yes
DUBUQUE,77500,8640,No
DUBUQUE,22000,4050,unknown
DUBUQUE,22000,4050,unknown
DUBUQUE,35000,2496,No
DUBUQUE,38000,1804,Yes
DUBUQUE,38000,1494,No
DUBUQUE,56900,3600,No
DUBUQUE,271000,11250,Yes
DUBUQUE,230000,10323,Yes
DUBUQUE,12000,2600,unknown
DUBUQUE,115000,3485,Yes
DUBUQUE,134000,4240,Yes
DUBUQUE,103000,3900,No
DUBUQUE,137500,8050,No
DUBUQUE,115000,5300,No
DUBUQUE,173000,7560,Yes
DUBUQUE,105000,4500,Yes
DUBUQUE,146000,9000,Yes
DUBUQUE,129900,8700,Yes
DUBUQUE,123000,5000,Yes
DUBUQUE,165000,4500,Yes
DUBUQUE,106500,5250,Yes
DUBUQUE,120000,5000,Yes
DUBUQUE,156000,6380,Yes
DUBUQUE,156000,6328,unknown
DUBUQUE,156000,6150,unknown
DUBUQUE,70700,5000,Yes
DUBUQUE,162500,3550,Yes
DUBUQUE,145000,8284,Yes
DUBUQUE,70000,5500,Yes
DUBUQUE,173040,8470,Yes
DUBUQUE,124900,5500,Yes
DUBUQUE,95000,11000,Yes
DUBUQUE,130000,7320,Yes
DUBUQUE,123500,5500,No
DUBUQUE,265000,0,Yes
DUBUQUE,192000,9870,Yes
DUBUQUE,147900,4225,Yes
DUBUQUE,167000,10010,Yes
DUBUQUE,185000,0,Yes
DUBUQUE,450000,17820,Yes
DUBUQUE,128000,12282,Yes
DUBUQUE,260000,11808,Yes
DUBUQUE,142000,9960,Yes
DUBUQUE,96500,7800,Yes
DUBUQUE,181000,6300,Yes
DUBUQUE,193000,12000,Yes
DUBUQUE,28000,6726,Yes
DUBUQUE,28000,6372,Yes
DUBUQUE,184900,6035,Yes
DUBUQUE,120000,5000,Yes
DUBUQUE,115000,6350,Yes
DUBUQUE,86000,3325,No
DUBUQUE,85000,3105,Yes
DYERSVILLE,49500,48526,unknown
FARLEY,183000,16900,Yes
WORTHINGTON,36500,9540,No
EPWORTH,163000,9375,Yes
EPWORTH,250000,9775,Yes
unknown,37000,15600,unknown
unknown,38000,17458,unknown
PEOSTA,215500,12180,Yes
PEOSTA,2.00E+05,12180,Yes
PEOSTA,299000,26205,Yes
unknown,55000,44431,unknown
DUBUQUE,38000,43200,No
DUBUQUE,238000,43800,Yes
DUBUQUE,377000,12909,Yes
DUBUQUE,76000,29372,unknown
DUBUQUE,71500,40511,unknown
DUBUQUE,279000,8625,Yes
DUBUQUE,270000,10743,Yes
DUBUQUE,283450,10065,Yes
DUBUQUE,42900,10065,Yes
DUBUQUE,295000,86249,Yes
DUBUQUE,393000,62726,Yes
DUBUQUE,51000,48352,unknown
DUBUQUE,440000,50965,Yes
DUBUQUE,578500,50094,Yes
DUBUQUE,416000,43996,Yes
unknown,64500,81457,unknown
LA MOTTE,175000,9583,Yes
CASCADE,175000,10528,Yes
unknown,115000,10560,unknown
CASCADE,115000,9720,No
unknown,23000,32234,unknown
CASCADE,274000,17550,Yes
HOLY CROSS,123500,13500,Yes
HOLY CROSS,122500,8000,Yes
unknown,7000,40511,unknown
unknown,7000,39640,unknown
unknown,45000,55321,unknown
unknown,45000,55321,unknown
DUBUQUE,225000,89951,Yes
DYERSVILLE,112000,10833,Yes
DYERSVILLE,94900,5750,Yes
ASBURY,330000,5922,Yes
ASBURY,330000,5969,Yes
ASBURY,46000,11760,unknown
DUBUQUE,401000,43996,Yes
DUBUQUE,409000,45738,Yes
DUBUQUE,129500,11000,Yes
DUBUQUE,111000,1280,Yes
DUBUQUE,110000,5000,Yes
DUBUQUE,42000,2550,Yes
DUBUQUE,76000,3700,No
DUBUQUE,112500,2500,Yes
DUBUQUE,169900,10512,Yes
DUBUQUE,158000,7680,Yes
DUBUQUE,154000,42500,Yes
DUBUQUE,154000,66263,Yes
DUBUQUE,135000,9486,Yes
DUBUQUE,115000,9685,Yes
DUBUQUE,230000,26400,Yes
DUBUQUE,265000,9120,Yes
DUBUQUE,147500,2640,Yes
DUBUQUE,155000,7370,Yes
DUBUQUE,27500,50530,unknown
DUBUQUE,195000,14400,Yes
unknown,42000,9800,unknown
ASBURY,46000,8310,unknown
DUBUQUE,395000,12227,Yes
ASBURY,49000,9356,Yes
DUBUQUE,353061,3212,Yes
DUBUQUE,190000,20000,Yes
DUBUQUE,222000,7040,Yes
DUBUQUE,95000,6960,Yes
DUBUQUE,299900,7530,Yes
DUBUQUE,166000,10875,Yes
DUBUQUE,82000,5000,Yes
DUBUQUE,108000,6655,Yes
DUBUQUE,119000,5290,Yes
DUBUQUE,77500,8640,No
DUBUQUE,1500,2580,unknown
DUBUQUE,1500,2130,unknown
DUBUQUE,65000,2500,unknown
DUBUQUE,15376,3200,No
DUBUQUE,84000,5100,No
DUBUQUE,12000,2600,unknown
DUBUQUE,117000,5100,unknown
DUBUQUE,68000,1728,Yes
DUBUQUE,68000,2500,Yes
DUBUQUE,127500,6678,No
DUBUQUE,94000,10000,Yes
DUBUQUE,119000,5900,Yes
DUBUQUE,121000,6150,Yes
DUBUQUE,105000,4500,Yes
DUBUQUE,94000,5565,Yes
DUBUQUE,107000,5000,Yes
DUBUQUE,82000,5000,Yes
DUBUQUE,165500,11417,Yes
DUBUQUE,141900,6625,Yes
DUBUQUE,146900,6600,Yes
DUBUQUE,160000,3800,Yes
DUBUQUE,122000,5400,Yes
DUBUQUE,106000,5300,Yes
DUBUQUE,183000,8050,Yes
DUBUQUE,265000,0,Yes
DUBUQUE,160000,8265,Yes
DUBUQUE,250000,11745,Yes
DUBUQUE,130000,56946,unknown
DUBUQUE,130000,17325,Yes
DUBUQUE,130000,18530,unknown
DUBUQUE,108000,5263,Yes
DUBUQUE,130088,8750,Yes
DUBUQUE,38000,15000,Yes
DUBUQUE,79000,3216,Yes
DYERSVILLE,43500,50965,unknown
EPWORTH,43000,14375,unknown
EPWORTH,239000,11475,Yes
PEOSTA,50900,10780,Yes
PEOSTA,410000,127195,Yes
DUBUQUE,38000,43200,No
DUBUQUE,415000,25247,Yes
DUBUQUE,60000,23087,unknown
DUBUQUE,377000,12909,Yes
DUBUQUE,169500,33600,Yes
DUBUQUE,560000,37026,Yes
DUBUQUE,283450,10065,Yes
DUBUQUE,42900,10065,Yes
unknown,162000,9000,unknown
DUBUQUE,162000,18176,Yes
CASCADE,30000,15600,unknown
CASCADE,243000,13200,Yes
HOLY CROSS,123500,13500,Yes
unknown,65000,47045,unknown
DUBUQUE,530000,90169,Yes
NEW VIENNA,118000,6678,Yes
DYERSVILLE,112000,10833,Yes
DYERSVILLE,83000,12765,No
DYERSVILLE,65000,7590,Yes
DYERSVILLE,232000,19975,Yes
DYERSVILLE,327875,13064,Yes
DUBUQUE,287500,21780,Yes
unknown,65000,60113,unknown
DUBUQUE,292000,45302,Yes
DUBUQUE,107000,4576,Yes
DURANGO,185000,15246,Yes
DUBUQUE,570000,43560,Yes
DUBUQUE,219000,6000,Yes
DUBUQUE,237000,8394,Yes
DUBUQUE,187000,5016,Yes
DUBUQUE,159900,9996,Yes
DUBUQUE,159900,9000,unknown
DUBUQUE,101500,5000,Yes
DUBUQUE,42000,2550,Yes
DUBUQUE,42000,2550,Yes
DUBUQUE,107000,6100,Yes
DUBUQUE,115000,4250,Yes
DUBUQUE,142900,5000,unknown
DUBUQUE,142900,10300,Yes
DUBUQUE,55000,2250,Yes
DUBUQUE,1.00E+05,5120,Yes
DUBUQUE,65000,3400,Yes
DUBUQUE,55000,3780,Yes
DUBUQUE,225000,37200,unknown
DUBUQUE,225000,19118,Yes
DUBUQUE,166000,12880,Yes
DUBUQUE,137000,8050,Yes
DUBUQUE,122600,7200,Yes
DUBUQUE,140000,7740,Yes
DUBUQUE,135000,7380,Yes
DUBUQUE,194900,37184,Yes
DUBUQUE,227000,11532,Yes
DUBUQUE,395000,23100,Yes
DUBUQUE,161900,8050,Yes
DUBUQUE,160000,12460,Yes
DUBUQUE,202000,11040,Yes
DUBUQUE,215000,15210,Yes
DUBUQUE,291000,0,Yes
DUBUQUE,151500,7370,Yes
DUBUQUE,285000,10208,Yes
DUBUQUE,242000,9460,Yes
DUBUQUE,27500,50530,unknown
DUBUQUE,244000,10336,Yes
DUBUQUE,235000,11040,Yes
DUBUQUE,365000,18232,Yes
ASBURY,365000,10750,Yes
ASBURY,62000,14338,unknown
DUBUQUE,145000,10800,Yes
DUBUQUE,353061,3212,Yes
DUBUQUE,285000,18020,Yes
unknown,53000,17480,unknown
ASBURY,295000,13080,Yes
DUBUQUE,120000,8360,Yes
DUBUQUE,236000,7040,Yes
DUBUQUE,150000,7150,Yes
DUBUQUE,155000,8568,Yes
DUBUQUE,160000,14550,Yes
DUBUQUE,176050,12692,Yes
DUBUQUE,180000,11880,Yes
DUBUQUE,103500,1674,Yes
DUBUQUE,161100,9920,Yes
DUBUQUE,145000,9880,Yes
DUBUQUE,155000,7811,Yes
DUBUQUE,165900,7750,No
DUBUQUE,217000,8794,Yes
DUBUQUE,275750,6130,Yes
DUBUQUE,112000,0,Yes
DUBUQUE,126000,8520,Yes
DUBUQUE,134900,8174,Yes
DUBUQUE,160001,11840,Yes
DUBUQUE,135000,6000,Yes
DUBUQUE,89000,5000,Yes
DUBUQUE,1.00E+05,8064,Yes
DUBUQUE,150500,6000,Yes
DUBUQUE,36500,18219,unknown
DUBUQUE,36500,11316,Yes
DUBUQUE,119000,5290,Yes
DUBUQUE,75000,5000,No
DUBUQUE,163000,6725,Yes
DUBUQUE,27000,2592,unknown
DUBUQUE,27000,7540,Yes
DUBUQUE,27000,3744,unknown
DUBUQUE,77500,6100,Yes
DUBUQUE,295000,7482,unknown
DUBUQUE,37919,4300,No
DUBUQUE,29900,5100,No
DUBUQUE,60000,1865,unknown
DUBUQUE,10000,1900,No
DUBUQUE,86900,3920,Yes
DUBUQUE,161600,6000,Yes
DUBUQUE,81900,4440,No
DUBUQUE,133000,14700,Yes
DUBUQUE,91000,7600,No
DUBUQUE,140000,6900,No
DUBUQUE,123500,3000,Yes
DUBUQUE,164000,7950,Yes
DUBUQUE,163500,5000,Yes
DUBUQUE,93900,12750,Yes
DUBUQUE,113000,5800,Yes
DUBUQUE,162900,10450,Yes
DUBUQUE,245000,7500,Yes
DUBUQUE,141900,6625,Yes
DUBUQUE,138000,5928,Yes
DUBUQUE,106000,5300,Yes
DUBUQUE,138000,0,Yes
DUBUQUE,144000,3700,Yes
DUBUQUE,155000,10564,Yes
DUBUQUE,187950,5000,Yes
DUBUQUE,169100,5000,Yes
DUBUQUE,170000,9009,Yes
DUBUQUE,250000,11745,Yes
DUBUQUE,4.00E+05,48670,Yes
DUBUQUE,2.00E+05,8625,Yes
DUBUQUE,136500,5175,Yes
DUBUQUE,175000,4704,Yes
DUBUQUE,150000,5600,Yes
DUBUQUE,190000,7952,Yes
DUBUQUE,158000,8520,Yes
DUBUQUE,387000,8640,Yes
DUBUQUE,150000,6930,Yes
DUBUQUE,150000,4410,unknown
DUBUQUE,205000,9180,Yes
DUBUQUE,203500,9680,Yes
DUBUQUE,1035000,4988,Yes
DUBUQUE,1035000,5104,Yes
DUBUQUE,1035000,5104,Yes
DUBUQUE,1035000,5104,Yes
DUBUQUE,1035000,5104,Yes
DUBUQUE,1035000,5133,Yes
DUBUQUE,1035000,5046,Yes
DUBUQUE,194000,6003,Yes
DUBUQUE,132000,13000,Yes
DUBUQUE,169900,13068,Yes
DUBUQUE,87500,12800,Yes
DUBUQUE,80000,6650,Yes
DUBUQUE,79000,3216,Yes
DUBUQUE,0,3450,No
DUBUQUE,119000,13800,Yes
DUBUQUE,17488,6348,Yes
DUBUQUE,18106,6072,Yes
DYERSVILLE,51500,86859,unknown
FARLEY,126000,8052,Yes
EPWORTH,75000,16800,No
EPWORTH,43000,14375,unknown
PEOSTA,34000,15625,Yes
unknown,32000,15625,unknown
unknown,32000,15625,unknown
PEOSTA,282500,17875,Yes
PEOSTA,185000,12180,Yes
PEOSTA,332900,13800,Yes
unknown,50000,10780,unknown
PEOSTA,331000,44867,Yes
PEOSTA,335000,44867,Yes
PEOSTA,60000,65776,Yes
DUBUQUE,224900,24570,Yes
DUBUQUE,169000,10250,Yes
DUBUQUE,169000,12023,unknown
DUBUQUE,1.00E+06,52577,Yes
DUBUQUE,60000,23087,unknown
DUBUQUE,453000,16553,Yes
DUBUQUE,514615,36207,unknown
DUBUQUE,69900,20351,unknown
DUBUQUE,207250,47916,Yes
DUBUQUE,44000,10091,unknown
DUBUQUE,328786,18024,Yes
DUBUQUE,295000,9158,No
DUBUQUE,309500,67518,Yes
DUBUQUE,290000,219542,Yes
DUBUQUE,53500,44431,Yes
unknown,40000,171626,unknown
CASCADE,199000,9600,Yes
CASCADE,54000,12528,No
CASCADE,35000,30530,unknown
LUXEMBURG,115000,9700,Yes
unknown,115000,4158,unknown
HOLY CROSS,140000,8000,Yes
DURANGO,99178,47045,No
DUBUQUE,180000,119354,Yes
NEW VIENNA,149000,12771,Yes
DYERSVILLE,129000,7590,Yes
DYERSVILLE,60000,7590,Yes
DYERSVILLE,98700,3828,Yes
DYERSVILLE,60000,9180,Yes
DYERSVILLE,182000,8052,Yes
DYERSVILLE,155860,12000,Yes
DYERSVILLE,150000,10790,Yes
DUBUQUE,203000,8904,Yes
DUBUQUE,143000,22651,Yes
DUBUQUE,130000,32234,Yes
unknown,177500,74923,unknown
unknown,177500,57935,unknown
DUBUQUE,177500,154202,Yes
unknown,177500,119790,unknown
DUBUQUE,239000,62726,Yes
DUBUQUE,153500,53841,Yes
DUBUQUE,185900,15000,Yes
DUBUQUE,175000,4945,Yes
DUBUQUE,45000,5000,No
DUBUQUE,78000,5000,Yes
DUBUQUE,115000,12200,No
DUBUQUE,61000,6120,No
DUBUQUE,37500,5125,No
DUBUQUE,51250,2250,Yes
DUBUQUE,98766,3240,No
DUBUQUE,98766,2520,No
DUBUQUE,75000,6700,Yes
DUBUQUE,112000,8023,Yes
DUBUQUE,117500,42300,Yes
DUBUQUE,117500,18366,Yes
DUBUQUE,117500,9089,unknown
DUBUQUE,117500,9270,Yes
DUBUQUE,76500,6966,Yes
DUBUQUE,150000,32000,Yes
DUBUQUE,135000,7380,Yes
DUBUQUE,179000,9600,Yes
DUBUQUE,115000,6732,Yes
DUBUQUE,2.00E+05,0,Yes
DUBUQUE,330000,15444,Yes
DUBUQUE,242000,7700,Yes
DUBUQUE,325000,16120,Yes
DUBUQUE,156500,10560,Yes
DUBUQUE,139000,12000,Yes
ASBURY,280000,20216,Yes
ASBURY,241500,7020,Yes
DUBUQUE,195000,7263,Yes
ASBURY,170000,7344,Yes
DUBUQUE,180000,5746,Yes
ASBURY,279000,10540,Yes
unknown,355000,4290,unknown
DUBUQUE,355000,5974,Yes
DUBUQUE,155000,8568,Yes
DUBUQUE,119900,8024,Yes
DUBUQUE,150000,7373,Yes
DUBUQUE,260000,7200,unknown
DUBUQUE,260000,10571,unknown
DUBUQUE,260000,17771,unknown
DUBUQUE,242900,6067,Yes
DUBUQUE,129000,6000,Yes
DUBUQUE,149000,9000,Yes
DUBUQUE,147000,10125,Yes
DUBUQUE,108900,6250,Yes
DUBUQUE,85070,6000,No
DUBUQUE,5000,6900,No
DUBUQUE,5000,13682,No
DUBUQUE,82900,3750,No
DUBUQUE,75000,8469,No
DUBUQUE,128000,6000,Yes
DUBUQUE,52000,10550,No
DUBUQUE,28000,5500,No
DUBUQUE,90000,5530,No
DUBUQUE,40000,1848,No
DUBUQUE,40000,4076,unknown
DUBUQUE,98000,2848,Yes
DUBUQUE,110000,2736,No
DUBUQUE,160000,5538,No
DUBUQUE,1.00E+05,5850,No
DUBUQUE,17000,6000,unknown
DUBUQUE,17000,5400,No
DUBUQUE,105000,5500,No
DUBUQUE,29900,5100,No
DUBUQUE,25000,2600,No
DUBUQUE,149000,3960,Yes
DUBUQUE,97500,1216,Yes
DUBUQUE,123500,4200,Yes
DUBUQUE,84000,8700,Yes
DUBUQUE,105000,7425,Yes
DUBUQUE,143500,5000,Yes
DUBUQUE,160000,5700,Yes
DUBUQUE,138000,23450,Yes
DUBUQUE,127000,16800,Yes
DUBUQUE,127000,12214,Yes
DUBUQUE,205000,8400,Yes
DUBUQUE,187950,5000,Yes
DUBUQUE,193500,10800,Yes
DUBUQUE,199000,13260,Yes
DUBUQUE,141000,6956,Yes
DUBUQUE,270000,15000,Yes
DUBUQUE,169500,10530,Yes
DUBUQUE,124000,3060,Yes
DUBUQUE,170500,5046,Yes
DUBUQUE,295000,5046,Yes
DUBUQUE,295000,5046,Yes
DUBUQUE,139700,7200,Yes
DUBUQUE,60000,3250,Yes
DUBUQUE,46000,3450,No
WORTHINGTON,320000,140699,Yes
FARLEY,180000,8712,Yes
EPWORTH,38000,14375,Yes
unknown,53000,17105,unknown
unknown,52000,16875,unknown
PEOSTA,220000,10200,Yes
PEOSTA,35000,22022,Yes
PEOSTA,240000,12180,Yes
PEOSTA,53500,12980,Yes
PEOSTA,271000,61855,Yes
DUBUQUE,218000,7245,Yes
DUBUQUE,65000,357105,No
unknown,65000,85813,unknown
DUBUQUE,227500,8625,Yes
DUBUQUE,290000,7920,Yes
DUBUQUE,228000,40075,Yes
DUBUQUE,565000,84506,Yes
unknown,40000,171626,unknown
CASCADE,202000,11200,Yes
CASCADE,1.00E+05,8040,Yes
CASCADE,125000,7440,Yes
CASCADE,257000,12000,Yes
CASCADE,112000,15600,No
CASCADE,30000,12000,Yes
ZWINGLE,175000,450846,Yes
ZWINGLE,98000,44431,Yes
unknown,68000,3450,unknown
LUXEMBURG,68000,8760,No
DYERSVILLE,420000,43560,Yes
DYERSVILLE,9520,368518,Yes
DYERSVILLE,213000,11097,Yes
DYERSVILLE,170000,8052,Yes
DYERSVILLE,182000,8052,Yes
DYERSVILLE,220000,6250,Yes
DYERSVILLE,36000,12825,unknown
unknown,58500,52708,unknown
DUBUQUE,289000,20473,Yes
DUBUQUE,197000,6420,Yes
unknown,51000,71003,unknown
DUBUQUE,368000,43996,Yes
DUBUQUE,52500,60592,unknown
DUBUQUE,187000,5104,Yes
DUBUQUE,112500,5000,Yes
DUBUQUE,73500,4250,Yes
DUBUQUE,72000,2500,Yes
DUBUQUE,30000,3125,No
DUBUQUE,68500,6250,Yes
DUBUQUE,27500,4500,No
DUBUQUE,38000,6612,Yes
DUBUQUE,57000,3000,Yes
DUBUQUE,90000,5000,Yes
DUBUQUE,345000,16395,unknown
DUBUQUE,116000,6600,Yes
DUBUQUE,155000,10010,Yes
DUBUQUE,250000,22366,Yes
DUBUQUE,134000,7500,Yes
DUBUQUE,150000,8580,Yes
DUBUQUE,118000,6930,Yes
DUBUQUE,239500,12000,Yes
DUBUQUE,242000,7700,Yes
DUBUQUE,274900,12875,Yes
ASBURY,285370,3074,Yes
DUBUQUE,168000,1758,Yes
DUBUQUE,165000,6210,Yes
DUBUQUE,205000,20000,Yes
DUBUQUE,3.00E+05,16065,Yes
DUBUQUE,260000,8214,Yes
DUBUQUE,210000,9720,Yes
DUBUQUE,270000,10660,Yes
DUBUQUE,250000,10560,Yes
DUBUQUE,145000,8024,Yes
DUBUQUE,135000,7821,Yes
DUBUQUE,146000,8450,Yes
DUBUQUE,145000,12692,Yes
DUBUQUE,99000,1674,Yes
DUBUQUE,144000,7276,Yes
DUBUQUE,138000,7490,Yes
DUBUQUE,104000,15000,Yes
DUBUQUE,1.00E+05,6250,Yes
DUBUQUE,150000,10200,Yes
DUBUQUE,25000,18219,unknown
DUBUQUE,25000,11316,Yes
DUBUQUE,135000,3330,Yes
DUBUQUE,85300,18668,Yes
DUBUQUE,98500,1400,unknown
DUBUQUE,98500,4940,Yes
DUBUQUE,76900,9114,Yes
DUBUQUE,92000,4020,No
DUBUQUE,77000,4185,No
DUBUQUE,21250,3450,No
DUBUQUE,22500,6039,No
DUBUQUE,55000,3120,No
DUBUQUE,85000,5100,Yes
DUBUQUE,1.00E+05,5580,Yes
DUBUQUE,110000,2736,No
DUBUQUE,40816,2600,Yes
DUBUQUE,38000,5499,Yes
DUBUQUE,163300,14960,Yes
DUBUQUE,149000,3960,Yes
DUBUQUE,130000,7140,No
DUBUQUE,165000,7450,Yes
DUBUQUE,91000,4400,Yes
DUBUQUE,145000,8640,Yes
DUBUQUE,95000,5550,Yes
DUBUQUE,138000,23450,Yes
DUBUQUE,160000,11700,Yes
DUBUQUE,28000,7500,Yes
DUBUQUE,128000,6882,Yes
DUBUQUE,95000,5500,Yes
DUBUQUE,165000,9100,Yes
DUBUQUE,175000,5000,Yes
DUBUQUE,175000,5000,Yes
DUBUQUE,219000,7200,Yes
DUBUQUE,215000,13184,Yes
DUBUQUE,130000,9234,Yes
DUBUQUE,245000,6372,Yes
DUBUQUE,107000,17914,Yes
DUBUQUE,130310,12500,unknown
DUBUQUE,130310,11000,Yes
DUBUQUE,109000,8400,Yes
DUBUQUE,65000,3562,No
DYERSVILLE,49500,43560,Yes
unknown,350000,204296,unknown
DYERSVILLE,350000,68986,Yes
unknown,350000,17860,unknown
FARLEY,150000,9372,unknown
EPWORTH,241500,12320,Yes
PEOSTA,45000,16800,Yes
PEOSTA,47000,15000,Yes
PEOSTA,277500,15625,Yes
PEOSTA,32000,15625,unknown
PEOSTA,226000,14803,Yes
PEOSTA,240000,12180,Yes
PEOSTA,447000,44713,Yes
PEOSTA,340000,13800,Yes
PEOSTA,412000,43996,Yes
PEOSTA,344000,191664,Yes
DUBUQUE,350000,22656,Yes
DUBUQUE,65000,33541,unknown
DUBUQUE,464900,38782,Yes
DUBUQUE,71500,25584,Yes
DUBUQUE,110000,103411,unknown
DUBUQUE,71500,43557,unknown
DUBUQUE,0,33541,Yes
DUBUQUE,65000,62291,No
DUBUQUE,48000,64033,Yes
DUBUQUE,320000,67518,Yes
CASCADE,140000,9450,Yes
PEOSTA,18370,99970,Yes
ZWINGLE,175000,450846,Yes
DUBUQUE,102000,36329,Yes
NEW VIENNA,114000,10206,No
DYERSVILLE,175000,12474,Yes
DYERSVILLE,106000,5750,No
DYERSVILLE,412000,14400,Yes
DYERSVILLE,152500,8052,Yes
DYERSVILLE,335000,28450,unknown
DYERSVILLE,216000,6250,Yes
DYERSVILLE,38000,12880,unknown
DUBUQUE,133000,31712,Yes
unknown,64000,19602,unknown
DUBUQUE,64000,34848,No
DUBUQUE,105000,14810,No
DUBUQUE,52500,60592,unknown
DUBUQUE,555000,78991,Yes
DUBUQUE,126000,13009,No
DUBUQUE,126000,12000,Yes
DUBUQUE,23000,5000,No
DUBUQUE,110900,5000,Yes
DUBUQUE,32500,4250,No
DUBUQUE,72000,5088,Yes
DUBUQUE,102000,5000,Yes
DUBUQUE,111900,5000,Yes
DUBUQUE,50000,4500,No
DUBUQUE,38000,1768,Yes
DUBUQUE,135000,4416,No
DUBUQUE,135000,3398,No
DUBUQUE,134000,13065,No
DUBUQUE,129900,9324,Yes
DUBUQUE,50000,7500,Yes
DUBUQUE,104900,0,Yes
DUBUQUE,2.00E+05,17050,Yes
DUBUQUE,85000,7360,Yes
DUBUQUE,186000,15228,Yes
DUBUQUE,283500,0,Yes
DUBUQUE,151000,2000,Yes
DUBUQUE,150500,2000,Yes
DUBUQUE,332500,7475,Yes
ASBURY,279900,29172,Yes
DUBUQUE,235000,10980,Yes
ASBURY,53000,10784,Yes
DUBUQUE,137000,1638,Yes
unknown,325500,5,unknown
DUBUQUE,325500,10942,Yes
DUBUQUE,310000,12793,Yes
DUBUQUE,288500,31050,Yes
DUBUQUE,177500,12240,Yes
DUBUQUE,151000,6360,Yes
DUBUQUE,137000,7490,Yes
DUBUQUE,245420,7496,Yes
DUBUQUE,37900,8253,unknown
DUBUQUE,150000,10620,Yes
DUBUQUE,116500,9916,Yes
DUBUQUE,255000,11016,Yes
DUBUQUE,77500,9000,Yes
DUBUQUE,0,10000,No
DUBUQUE,113000,6408,Yes
DUBUQUE,84000,5700,Yes
DUBUQUE,123000,5000,Yes
DUBUQUE,42500,5253,No
DUBUQUE,111000,8650,No
DUBUQUE,15900,4500,No
DUBUQUE,102000,6780,Yes
DUBUQUE,40000,2500,No
DUBUQUE,53100,9750,No
DUBUQUE,13500,3260,No
DUBUQUE,27000,2280,No
DUBUQUE,115000,2150,No
DUBUQUE,115000,2150,No
DUBUQUE,20000,4316,Yes
DUBUQUE,150000,4664,Yes
DUBUQUE,20000,4720,No
DUBUQUE,40816,2600,Yes
DUBUQUE,20000,3525,Yes
DUBUQUE,89500,3360,No
DUBUQUE,158000,10000,Yes
DUBUQUE,150000,12540,Yes
DUBUQUE,137500,12420,Yes
DUBUQUE,109000,4400,Yes
DUBUQUE,220000,10500,Yes
DUBUQUE,205000,0,Yes
DUBUQUE,180000,6800,Yes
DUBUQUE,121000,8760,Yes
DUBUQUE,285000,10600,Yes
DUBUQUE,14285,6480,unknown
DUBUQUE,14285,6800,Yes
FARLEY,83500,8712,Yes
EPWORTH,90000,6767,No
PEOSTA,650000,33649,Yes
unknown,650000,31200,unknown
PEOSTA,250000,14400,Yes
PEOSTA,325000,44431,Yes
DUBUQUE,69900,20000,unknown
DUBUQUE,89000,34151,unknown
CASCADE,140000,8400,Yes
LUXEMBURG,131800,11040,Yes
HOLY CROSS,185400,90169,Yes
SHERRILL,140000,23500,Yes
SHERRILL,106000,13068,Yes
SHERRILL,275000,49223,Yes
DYERSVILLE,141500,10833,Yes
unknown,140000,20038,unknown
DYERSVILLE,140000,138521,Yes
DYERSVILLE,69700,7590,Yes
DYERSVILLE,124000,8052,No
DYERSVILLE,138000,8052,Yes
DYERSVILLE,182000,63598,Yes
EPWORTH,250000,43560,Yes
DUBUQUE,250000,43560,Yes
DUBUQUE,239900,40946,Yes
DUBUQUE,321500,76230,Yes
unknown,48500,102366,unknown
PEOSTA,130000,44083,No
DUBUQUE,52500,43691,Yes
DUBUQUE,477000,43560,Yes
DUBUQUE,228000,8224,Yes
DUBUQUE,48000,29375,unknown
DUBUQUE,203000,8806,Yes
DUBUQUE,131500,7920,Yes
DUBUQUE,59000,5000,No
DUBUQUE,74000,3700,Yes
DUBUQUE,112500,5000,Yes
DUBUQUE,98000,5000,No
DUBUQUE,87000,5000,Yes
DUBUQUE,67000,6000,No
DUBUQUE,34900,2550,No
DUBUQUE,26600,4500,No
DUBUQUE,66000,2000,Yes
DUBUQUE,26100,6708,No
DUBUQUE,105000,6572,Yes
DUBUQUE,68850,8112,Yes
DUBUQUE,124000,4676,No
DUBUQUE,205000,21535,Yes
DUBUQUE,128000,6760,Yes
DUBUQUE,97000,47045,Yes
DUBUQUE,129900,43255,Yes
DUBUQUE,141500,6200,Yes
DUBUQUE,136500,7630,Yes
DUBUQUE,257000,0,Yes
DUBUQUE,73131,7280,Yes
DUBUQUE,396552,10315,Yes
DUBUQUE,318797,10587,Yes
DUBUQUE,296000,11850,Yes
DUBUQUE,59500,27454,No
DUBUQUE,151500,7370,Yes
DUBUQUE,119900,7722,Yes
ASBURY,6.00E+05,479160,unknown
DUBUQUE,260000,7700,Yes
DUBUQUE,111251,7000,Yes
DUBUQUE,135000,14000,Yes
DUBUQUE,207500,8680,Yes
DUBUQUE,1245000,60113,unknown
DUBUQUE,150500,6400,Yes
DUBUQUE,131500,7300,Yes
DUBUQUE,150750,8250,Yes
DUBUQUE,180000,0,Yes
DUBUQUE,164000,9120,Yes
DUBUQUE,151000,13650,Yes
DUBUQUE,241000,10200,Yes
DUBUQUE,160000,9270,Yes
DUBUQUE,70000,10508,No
DUBUQUE,127500,13140,Yes
DUBUQUE,95000,7331,Yes
DUBUQUE,45000,2200,No
DUBUQUE,45000,2000,No
DUBUQUE,116000,10300,No
DUBUQUE,116000,9900,No
DUBUQUE,35000,9700,No
DUBUQUE,46000,2500,No
DUBUQUE,46000,2500,No
DUBUQUE,48000,2720,No
DUBUQUE,60000,5100,Yes
DUBUQUE,76500,2500,Yes
DUBUQUE,38000,1600,No
DUBUQUE,38000,1900,No
DUBUQUE,174500,5000,No
DUBUQUE,70000,5787,No
DUBUQUE,106000,5439,No
DUBUQUE,106000,5439,No
DUBUQUE,381500,3990,No
DUBUQUE,135000,7728,No
DUBUQUE,35000,4440,No
DUBUQUE,107000,6417,No
DUBUQUE,175000,5936,No
DUBUQUE,122000,11280,No
DUBUQUE,122000,13089,No
DUBUQUE,29000,3290,No
DUBUQUE,57000,1376,No
DUBUQUE,97000,1168,Yes
DUBUQUE,86000,9750,Yes
DUBUQUE,175000,14000,No
DUBUQUE,115000,8700,Yes
DUBUQUE,143000,7200,Yes
DUBUQUE,76000,4400,Yes
DUBUQUE,102500,7290,Yes
DUBUQUE,151000,9350,Yes
DUBUQUE,105000,8750,Yes
DUBUQUE,135500,7150,Yes
DUBUQUE,131000,6720,Yes
DUBUQUE,146000,12430,No
DUBUQUE,136500,8050,Yes
DUBUQUE,152000,7650,No
DUBUQUE,125000,3600,Yes
DUBUQUE,66500,31000,No
DUBUQUE,67500,37848,Yes
DUBUQUE,230000,79786,Yes
DUBUQUE,599000,0,Yes
DUBUQUE,82000,9750,Yes
DUBUQUE,134000,9000,Yes
DUBUQUE,14285,6480,unknown
DUBUQUE,14285,6480,unknown
DUBUQUE,14285,6800,Yes
DUBUQUE,14285,6800,Yes
DUBUQUE,2.00E+05,14742,Yes
DUBUQUE,122000,8400,Yes
DUBUQUE,102500,13871,Yes
DUBUQUE,169000,5280,Yes
DUBUQUE,94000,6850,Yes
DUBUQUE,122500,6650,Yes
DUBUQUE,157500,8004,Yes
DUBUQUE,77500,9448,Yes
DYERSVILLE,296500,58806,Yes
DYERSVILLE,110000,9300,Yes
FARLEY,375000,202118,Yes
EPWORTH,58000,13050,No
EPWORTH,90000,31165,unknown
EPWORTH,274250,11475,Yes
EPWORTH,205000,12155,Yes
PEOSTA,187000,20790,Yes
PEOSTA,395615,42900,Yes
PEOSTA,56000,32944,unknown
PEOSTA,41000,8400,unknown
PEOSTA,250000,14400,Yes
unknown,54900,15275,unknown
PEOSTA,62000,10328,Yes
PEOSTA,62000,7168,Yes
unknown,45000,45302,Yes
unknown,5000,46174,unknown
PEOSTA,261836,40075,Yes
DUBUQUE,472000,41818,Yes
DUBUQUE,450000,20000,Yes
DUBUQUE,55000,11721,Yes
DUBUQUE,65000,21291,Yes
DUBUQUE,263000,58370,Yes
PEOSTA,220000,207781,Yes
CASCADE,95000,3600,Yes
CASCADE,95000,9000,Yes
CASCADE,189000,16800,Yes
CASCADE,160000,0,Yes
CASCADE,260821,12350,Yes
CASCADE,229900,14400,Yes
ZWINGLE,32900,44867,Yes
LUXEMBURG,86571,8760,No
HOLY CROSS,110000,10000,Yes
SHERRILL,132000,45738,Yes
SHERRILL,275000,49223,Yes
SHERRILL,291000,50530,Yes
DUBUQUE,110000,112820,Yes
DYERSVILLE,95000,6600,Yes
DYERSVILLE,115000,3762,Yes
DYERSVILLE,160000,13000,Yes
DYERSVILLE,161500,9900,Yes
DYERSVILLE,131000,13600,Yes
DYERSVILLE,102811,10120,Yes
unknown,53000,58370,unknown
ASBURY,201500,85813,Yes
ASBURY,472598,46609,Yes
DUBUQUE,375000,230737,Yes
DUBUQUE,45000,43560,unknown
DUBUQUE,2.00E+05,13504,Yes
DUBUQUE,35000,62291,unknown
unknown,30000,47480,unknown
DUBUQUE,385000,61855,Yes
DUBUQUE,557500,43560,Yes
DUBUQUE,44000,8394,Yes
DUBUQUE,80000,10000,Yes
DUBUQUE,67000,3700,No
DUBUQUE,131000,5650,Yes
DUBUQUE,115000,6200,Yes
DUBUQUE,29900,6240,No
DUBUQUE,26600,4500,No
DUBUQUE,35500,2600,Yes
DUBUQUE,15000,12325,No
DUBUQUE,195000,17578,Yes
DUBUQUE,77556,4600,No
DUBUQUE,112000,7800,Yes
DUBUQUE,112000,5200,No
DUBUQUE,128000,6760,Yes
DUBUQUE,167900,9450,unknown
DUBUQUE,167900,15330,Yes
DUBUQUE,129900,43255,Yes
DUBUQUE,171000,10000,Yes
DUBUQUE,113500,0,Yes
DUBUQUE,150000,6420,Yes
DUBUQUE,207000,6361,Yes
DUBUQUE,152000,2000,Yes
DUBUQUE,180000,6120,Yes
DUBUQUE,175000,22800,Yes
DUBUQUE,84000,6930,No
ASBURY,247000,15364,Yes
DUBUQUE,245000,14700,Yes
ASBURY,259050,13650,Yes
DUBUQUE,269500,10665,Yes
unknown,384000,11177,unknown
ASBURY,50000,10000,Yes
ASBURY,60000,20000,Yes
ASBURY,60000,9660,Yes
ASBURY,60000,9275,Yes
DUBUQUE,136000,33400,Yes
DUBUQUE,214000,12789,Yes
ASBURY,6.00E+05,479160,unknown
DUBUQUE,172500,9840,Yes
DUBUQUE,150000,12160,Yes
DUBUQUE,248500,6685,Yes
DUBUQUE,209199,9943,Yes
DUBUQUE,99500,0,Yes
DUBUQUE,205000,11216,Yes
DUBUQUE,236000,10200,Yes
DUBUQUE,57000,10000,No
DUBUQUE,144000,13020,Yes
DUBUQUE,164000,13952,Yes
DUBUQUE,115000,8249,No
DUBUQUE,27900,6222,No
DUBUQUE,55000,2925,Yes
DUBUQUE,59900,2907,unknown
DUBUQUE,55000,11440,No
DUBUQUE,80000,5400,Yes
DUBUQUE,125000,6000,No
DUBUQUE,52000,7613,unknown
DUBUQUE,36000,9450,No
DUBUQUE,50000,3800,No
DUBUQUE,19900,1971,No
DUBUQUE,76900,3404,No
DUBUQUE,85000,3034,Yes
DUBUQUE,84500,5300,Yes
DUBUQUE,175000,5936,No
DUBUQUE,90000,7137,Yes
DUBUQUE,57000,1376,No
DUBUQUE,18000,1710,No
DUBUQUE,109200,3120,Yes
DUBUQUE,89900,5775,No
DUBUQUE,111200,5217,Yes
DUBUQUE,47000,1608,No
DUBUQUE,47000,1608,No
DUBUQUE,143000,7200,Yes
DUBUQUE,59920,5700,Yes
DUBUQUE,59920,5000,No
DUBUQUE,15000,5729,Yes
DUBUQUE,142000,8800,Yes
DUBUQUE,183000,10374,Yes
DUBUQUE,148000,9170,Yes
DUBUQUE,239000,7410,Yes
DUBUQUE,98000,5800,No
DUBUQUE,315000,9968,unknown
DUBUQUE,315000,8900,Yes
DUBUQUE,225000,15400,Yes
DUBUQUE,132900,3045,Yes
DUBUQUE,162500,6700,Yes
DUBUQUE,68480,21522,Yes
DUBUQUE,49000,3562,No
DYERSVILLE,250000,48352,Yes
WORTHINGTON,129900,11346,Yes
WORTHINGTON,97500,6710,Yes
WORTHINGTON,147500,6204,Yes
WORTHINGTON,63000,8845,No
FARLEY,105000,7747,Yes
EPWORTH,90000,6767,No
EPWORTH,128000,6240,Yes
EPWORTH,205000,11712,Yes
EPWORTH,190000,11475,Yes
FARLEY,235000,16640,Yes
PEOSTA,46000,24900,Yes
PEOSTA,414700,24900,Yes
PEOSTA,322110,0,Yes
PEOSTA,198000,10800,Yes
PEOSTA,395615,42900,Yes
PEOSTA,353154,18492,Yes
PEOSTA,259900,40075,Yes
PEOSTA,41000,9975,unknown
unknown,54900,15275,unknown
PEOSTA,234000,15080,Yes
DUBUQUE,74000,105317,unknown
DUBUQUE,308900,9046,Yes
DUBUQUE,243500,9733,Yes
DUBUQUE,48000,8625,Yes
DUBUQUE,54900,7920,Yes
DUBUQUE,288450,7050,Yes
DUBUQUE,191000,57499,No
unknown,36000,45302,unknown
BELLEVUE,127500,11326,Yes
DUBUQUE,67873,44431,Yes
CASCADE,89900,7200,Yes
CASCADE,151000,12600,Yes
DUBUQUE,230000,179032,Yes
NEW VIENNA,62301,5751,Yes
unknown,117000,6678,unknown
NEW VIENNA,117000,9975,No
DYERSVILLE,92000,11026,No
DYERSVILLE,1.00E+05,3300,No
DYERSVILLE,107000,4960,Yes
DYERSVILLE,180000,11305,Yes
DYERSVILLE,117500,8906,Yes
DUBUQUE,185000,17860,Yes
DUBUQUE,460000,43560,Yes
DUBUQUE,290000,36400,Yes
unknown,30250,45302,unknown
DUBUQUE,170000,43996,Yes
DUBUQUE,150000,39204,unknown
DUBUQUE,365000,74923,Yes
DUBUQUE,118000,29185,Yes
DUBUQUE,11000,12400,unknown
DUBUQUE,11000,17000,unknown
DUBUQUE,79000,2500,Yes
DUBUQUE,70000,4032,No
DUBUQUE,27000,2580,No
DUBUQUE,78500,3600,Yes
DUBUQUE,32000,8000,unknown
DUBUQUE,32000,16000,No
DUBUQUE,52500,2144,Yes
DUBUQUE,131000,9750,Yes
DUBUQUE,131000,7700,Yes
DUBUQUE,65000,9486,Yes
DUBUQUE,165000,8880,Yes
DUBUQUE,129000,6106,Yes
DUBUQUE,15700,33454,Yes
DUBUQUE,249900,14000,Yes
DUBUQUE,120000,7630,Yes
DUBUQUE,140000,9271,Yes
DUBUQUE,145000,6930,Yes
DUBUQUE,248000,0,Yes
DUBUQUE,74001,12300,Yes
DUBUQUE,132000,8760,Yes
DUBUQUE,160000,7918,Yes
DUBUQUE,266600,6333,Yes
DUBUQUE,92501,6300,Yes
DUBUQUE,123000,7500,Yes
DUBUQUE,163500,6700,Yes
DUBUQUE,362500,36901,Yes
DUBUQUE,35000,5000,Yes
DUBUQUE,115000,5940,No
DUBUQUE,139500,5232,Yes
DUBUQUE,122000,4000,Yes
DUBUQUE,150750,7080,unknown
DUBUQUE,150750,7760,Yes
DUBUQUE,71500,5000,Yes
DUBUQUE,1.00E+05,6100,Yes
DUBUQUE,30801,6380,No
DUBUQUE,33401,5000,No
DUBUQUE,39000,6250,No
DUBUQUE,39000,6250,unknown
DUBUQUE,140000,6536,Yes
DUBUQUE,125000,14540,Yes
DUBUQUE,125000,3968,unknown
DUBUQUE,125000,18508,Yes
DUBUQUE,120000,14700,Yes
DUBUQUE,141500,5700,Yes
DUBUQUE,107700,7600,No
DUBUQUE,217000,9620,Yes
DUBUQUE,55000,5650,Yes
DUBUQUE,109500,5850,Yes
DUBUQUE,59920,5700,Yes
DUBUQUE,93625,8100,Yes
DUBUQUE,132000,7931,No
DUBUQUE,46000,2695,No
DUBUQUE,72122,7500,Yes
DUBUQUE,119000,5500,Yes
DUBUQUE,110000,7200,Yes
DUBUQUE,178500,9516,Yes
DUBUQUE,10000,8010,Yes
DUBUQUE,168726,5000,Yes
DUBUQUE,182000,14514,Yes
DUBUQUE,206900,11316,Yes
DUBUQUE,257900,16605,Yes
DUBUQUE,185000,5850,Yes
DUBUQUE,217000,5750,Yes
DUBUQUE,28000,9180,Yes
DUBUQUE,55000,12800,Yes
DUBUQUE,64500,4900,No
DUBUQUE,64500,4900,unknown
DUBUQUE,47500,6900,No
DUBUQUE,450000,45738,Yes
WORTHINGTON,75000,8052,Yes
FARLEY,180000,8052,Yes
unknown,150000,15163,unknown
unknown,150000,11178,unknown
unknown,150000,10200,unknown
unknown,150000,10148,unknown
unknown,150000,10738,unknown
unknown,150000,17155,unknown
unknown,150000,11700,unknown
unknown,150000,11700,unknown
unknown,150000,11765,unknown
unknown,150000,12536,unknown
unknown,150000,12412,unknown
unknown,150000,14915,unknown
unknown,150000,14835,unknown
FARLEY,150000,18750,unknown
unknown,150000,12331,unknown
unknown,150000,11210,unknown
unknown,150000,11210,unknown
FARLEY,150000,13166,unknown
unknown,150000,9396,unknown
unknown,150000,11830,unknown
unknown,150000,15728,unknown
unknown,150000,19760,unknown
unknown,150000,9210,unknown
unknown,150000,15990,unknown
unknown,150000,12600,unknown
unknown,150000,12653,unknown
unknown,150000,12863,unknown
unknown,150000,14145,unknown
PEOSTA,180000,10200,Yes
unknown,68000,62988,unknown
PEOSTA,230000,12180,Yes
PEOSTA,50000,10780,Yes
PEOSTA,112000,270943,Yes
PEOSTA,30000,43647,No
DUBUQUE,74500,23087,unknown
DUBUQUE,230000,9660,Yes
CASCADE,58000,8250,Yes
unknown,58000,6050,unknown
unknown,32000,13320,unknown
unknown,28000,15576,unknown
LUXEMBURG,86571,8760,No
LUXEMBURG,95000,6120,No
SHERRILL,103000,47916,Yes
unknown,103000,4356,unknown
SHERRILL,40000,8450,Yes
DURANGO,290000,56192,Yes
DURANGO,121000,16720,Yes
DURANGO,435000,450410,Yes
DUBUQUE,80000,23958,Yes
SHERRILL,255000,18295,Yes
DYERSVILLE,94000,5934,Yes
DYERSVILLE,153900,4945,Yes
DYERSVILLE,115500,3762,Yes
DYERSVILLE,149000,8052,Yes
DYERSVILLE,107000,8052,Yes
DYERSVILLE,170000,10920,Yes
DYERSVILLE,118370,8625,Yes
DYERSVILLE,149000,16450,Yes
DYERSVILLE,146250,8052,Yes
DYERSVILLE,38000,13728,Yes
DUBUQUE,185000,17860,Yes
PEOSTA,315000,43996,Yes
DUBUQUE,196000,14244,Yes
DUBUQUE,315000,46609,Yes
unknown,68000,10019,unknown
unknown,68000,5227,unknown
DUBUQUE,68000,6534,No
DUBUQUE,54900,60505,Yes
DUBUQUE,46500,145490,unknown
DUBUQUE,126172,23958,No
DUBUQUE,355000,43560,Yes
DUBUQUE,290000,19712,Yes
DUBUQUE,66000,5000,Yes
DUBUQUE,66000,5000,unknown
DUBUQUE,80000,5100,No
DUBUQUE,60900,5100,Yes
DUBUQUE,107000,4800,Yes
DUBUQUE,37500,1800,No
DUBUQUE,119000,6200,Yes
DUBUQUE,140000,2700,Yes
DUBUQUE,37000,1400,No
DUBUQUE,148500,5000,No
DUBUQUE,148500,5000,Yes
DUBUQUE,155000,19750,Yes
DUBUQUE,35000,2500,Yes
DUBUQUE,136000,15600,Yes
DUBUQUE,181500,19680,Yes
DUBUQUE,160000,7700,Yes
DUBUQUE,150000,8625,Yes
DUBUQUE,141000,11500,Yes
DUBUQUE,81926,7500,Yes
DUBUQUE,109000,7200,Yes
DUBUQUE,75000,7200,Yes
DUBUQUE,166000,28186,Yes
DUBUQUE,139000,21488,Yes
DUBUQUE,230000,9350,Yes
DUBUQUE,252000,0,Yes
DUBUQUE,273350,0,Yes
DUBUQUE,33000,11961,unknown
DUBUQUE,234000,12000,Yes
DUBUQUE,139000,1760,Yes
DUBUQUE,0,6361,Yes
DUBUQUE,45000,43560,unknown
DUBUQUE,350000,11180,Yes
ASBURY,52500,13520,Yes
ASBURY,236500,11250,Yes
DUBUQUE,221900,9880,Yes
ASBURY,43000,10656,Yes
ASBURY,44000,10815,Yes
unknown,359900,3800,unknown
ASBURY,359900,7900,Yes
DUBUQUE,130000,1096,Yes
DUBUQUE,180000,1779,Yes
DUBUQUE,155000,12350,Yes
DUBUQUE,374500,12309,Yes
DUBUQUE,145000,10200,Yes
DUBUQUE,159000,8580,Yes
DUBUQUE,138500,8568,Yes
DUBUQUE,144500,8190,Yes
DUBUQUE,165000,9882,Yes
DUBUQUE,165000,6955,Yes
DUBUQUE,191326,6601,Yes
DUBUQUE,245900,6240,Yes
DUBUQUE,269900,6193,Yes
DUBUQUE,245000,6252,Yes
DUBUQUE,175000,9600,Yes
DUBUQUE,166900,17090,Yes
DUBUQUE,148500,6250,Yes
DUBUQUE,178500,11375,Yes
DUBUQUE,350000,120400,unknown
DUBUQUE,163000,12120,No
DUBUQUE,220000,17072,Yes
DUBUQUE,0,7128,No
DUBUQUE,61500,5700,Yes
DUBUQUE,138000,8750,Yes
DUBUQUE,77500,5000,Yes
DUBUQUE,110000,5664,Yes
DUBUQUE,77900,5600,Yes
DUBUQUE,1.00E+05,9625,Yes
DUBUQUE,39500,2848,No
DUBUQUE,37000,5200,Yes
DUBUQUE,24000,2500,No
DUBUQUE,55000,2600,No
DUBUQUE,142000,3661,unknown
DUBUQUE,47000,2464,No
DUBUQUE,57000,4400,Yes
DUBUQUE,0,5670,No
DUBUQUE,0,3450,No
DUBUQUE,0,8840,Yes
DUBUQUE,0,2720,Yes
DUBUQUE,0,3910,No
DUBUQUE,63000,3024,Yes
DUBUQUE,152500,1548,Yes
DUBUQUE,152500,2752,Yes
DUBUQUE,180000,8580,Yes
DUBUQUE,121000,6360,Yes
DUBUQUE,151000,6860,Yes
DUBUQUE,0,5000,No
DUBUQUE,0,6000,No
DUBUQUE,69500,7500,Yes
DUBUQUE,110000,5000,Yes
DUBUQUE,160000,7500,No
DUBUQUE,160000,7500,No
DUBUQUE,179900,7260,Yes
DUBUQUE,60000,6050,Yes
DUBUQUE,245000,5500,Yes
DUBUQUE,0,5500,Yes
DUBUQUE,160000,10500,Yes
DUBUQUE,145000,0,Yes
DUBUQUE,174000,10137,Yes
DUBUQUE,167500,5000,Yes
DUBUQUE,166000,9075,Yes
DUBUQUE,340000,19836,Yes
DUBUQUE,252000,31799,unknown
DUBUQUE,225000,9717,Yes
DUBUQUE,88000,17520,Yes
DUBUQUE,269000,8550,Yes
DUBUQUE,147750,13200,No
DUBUQUE,119900,7950,Yes
DUBUQUE,238000,12566,Yes
DUBUQUE,385000,31220,Yes
DUBUQUE,0,12200,Yes
DUBUQUE,157500,8624,Yes
DUBUQUE,157100,7500,Yes
DUBUQUE,1.00E+05,13100,Yes
DUBUQUE,120000,3060,Yes
DUBUQUE,187000,6003,Yes
DUBUQUE,55000,9300,No
DUBUQUE,45000,6650,No
DUBUQUE,0,3450,Yes
DUBUQUE,55000,6987,No
DYERSVILLE,49500,43560,unknown
DYERSVILLE,49500,43560,Yes
WORTHINGTON,145000,9720,Yes
unknown,145000,4200,unknown
EPWORTH,134399,8400,No
PEOSTA,212600,14442,Yes
unknown,212600,5180,unknown
PEOSTA,72500,54668,unknown
PEOSTA,55000,26205,Yes
PEOSTA,237000,42253,Yes
PEOSTA,54900,12815,Yes
PEOSTA,230000,15000,Yes
DUBUQUE,252000,89734,Yes
DUBUQUE,98000,80630,unknown
DUBUQUE,320000,11000,Yes
DUBUQUE,290000,9200,Yes
DUBUQUE,245000,47045,Yes
DUBUQUE,41177,47480,unknown
DUBUQUE,393583,58370,Yes
DUBUQUE,32000,43560,Yes
DUBUQUE,330000,43560,Yes
CASCADE,30150,12000,No
CASCADE,25000,12000,Yes
BERNARD,35000,18100,Yes
